{"cameraMode":{"drawMode":0,"name":"Shaded","section":"Shading Mode"},"sceneLighting":true,"audioPlay":false,"sceneViewState":{"showFog":true,"showMaterialUpdate":false,"showSkybox":true,"showFlares":true,"showImageEffects":true,"showParticleSystems":true},"in2DMode":false,"pivot":{"x":-88.14804077148438,"y":-90.12705993652344,"z":108.53496551513672},"rotation":{"x":0.18521228432655335,"y":-0.25326207280158999,"z":0.049469441175460818,"w":0.9482182264328003},"size":269.4007873535156,"orthographic":false}